{"count":1,"self":22439.880294399998,"total":43755.8275952,"children":{"InitializeActuators":{"count":1,"self":0.0040006,"total":0.0040006,"children":null},"InitializeSensors":{"count":1,"self":0.0065734,"total":0.0065734,"children":null},"AgentSendState":{"count":12262534,"self":937.09588479999991,"total":2984.7144829,"children":{"CollectObservations":{"count":2452507,"self":14.355891199999999,"total":14.355891999999999,"children":null},"WriteActionMask":{"count":2452507,"self":3.1101408,"total":3.1101406999999996,"children":null},"RequestDecision":{"count":2452507,"self":23.6180512,"total":2030.1525233,"children":{"AgentInfo.ToProto":{"count":2452507,"self":27.780735999999997,"total":2006.5344716,"children":{"GenerateSensorData":{"count":2452507,"self":1938.9210624,"total":1978.7537353999999,"children":{"RayPerceptionSensor.Perceive":{"count":4905014,"self":39.832684799999996,"total":39.832683599999996,"children":null}}}}}}}}},"DecideAction":{"count":12262534,"self":17905.1593728,"total":17905.1593349,"children":null},"AgentAct":{"count":12262534,"self":416.1362944,"total":420.07809499999996,"children":{"AgentInfo.ToProto":{"count":4051,"self":0.0315082,"total":3.9418127,"children":{"GenerateSensorData":{"count":4051,"self":3.8496143999999997,"total":3.9103044999999996,"children":{"RayPerceptionSensor.Perceive":{"count":8102,"self":0.060690299999999996,"total":0.060690299999999996,"children":null}}}}}}},"AgentInfo.ToProto":{"count":7393,"self":0.0877626,"total":5.9825205,"children":{"GenerateSensorData":{"count":7393,"self":5.7775343999999995,"total":5.8947579,"children":{"RayPerceptionSensor.Perceive":{"count":14786,"self":0.1172235,"total":0.1172235,"children":null}}}}}},"gauges":{"ParkingAgentBehavior.CumulativeReward":{"count":11444,"max":19.7026253,"min":-1.96344614,"runningAverage":3.516952,"value":-0.7162225,"weightedAverage":4.403102}},"metadata":{"timer_format_version":"0.1.0","start_time_seconds":"1740462246","unity_version":"2022.3.55f1","command_line_arguments":"C:\\Program Files\\Unity\\Hub\\Editor\\2022.3.55f1\\Editor\\Unity.exe -projectpath C:\\Users\\klavy\\RLAutoParking -useHub -hubIPC -cloudEnvironment production -licensingIpc LicenseClient-klavy -hubSessionId 542127e7-d8a9-4547-91ef-adb46bbc398b -accessToken 7fKaF3TmkjJdw6K71SEAUYZyMb9LjkWMvDkrqWOoVeE011f","communication_protocol_version":"1.5.0","com.unity.ml-agents_version":"2.0.1","scene_name":"SampleScene","end_time_seconds":"1740506001"}}